<?xml version="1.0" encoding="UTF-8"?>
<project-private xmlns="http://www.netbeans.org/ns/project-private/1">
    <editor-bookmarks xmlns="http://www.netbeans.org/ns/editor-bookmarks/2" lastBookmarkId="0"/>
    <open-files xmlns="http://www.netbeans.org/ns/projectui-open-files/2">
        <group>
            <file>file:/C:/Users/Asus/OneDrive/Desktop/ScuolaMeucci/Meucci%202020-2021/Informatica%204BIA/ProdCons/src/prodcons/Producer.java</file>
            <file>file:/C:/Users/Asus/OneDrive/Desktop/ScuolaMeucci/Meucci%202020-2021/Informatica%204BIA/ProdCons/src/prodcons/ProdCons.java</file>
            <file>file:/C:/Users/Asus/OneDrive/Desktop/ScuolaMeucci/Meucci%202020-2021/Informatica%204BIA/ProdCons/src/prodcons/Consumer.java</file>
        </group>
    </open-files>
</project-private>
